,duration,id,cls,coords
0,0.0,1.0,0.0,"[array([[[363, 352]],

       [[363, 352]],

       [[363, 352]],

       [[363, 352]],

       [[363, 352]]], dtype=int32)]"
1,0.0,2.0,0.0,"[array([[[197, 376]],

       [[197, 376]],

       [[197, 376]],

       [[197, 376]],

       [[197, 376]]], dtype=int32)]"
2,0.0,3.0,0.0,"[array([[[201, 463]],

       [[201, 463]],

       [[201, 463]],

       [[201, 463]],

       [[201, 463]]], dtype=int32)]"
3,100.0,1.0,0.0,"[array([[[363, 353]],

       [[361, 353]],

       [[360, 354]],

       [[359, 354]],

       [[358, 355]]], dtype=int32)]"
4,100.0,2.0,0.0,"[array([[[197, 377]],

       [[198, 379]],

       [[199, 380]],

       [[200, 382]],

       [[202, 384]]], dtype=int32)]"
5,100.0,3.0,0.0,"[array([[[202, 463]],

       [[203, 465]],

       [[204, 467]],

       [[205, 468]],

       [[206, 470]]], dtype=int32)]"
6,200.0,1.0,0.0,"[array([[[362, 352]],

       [[362, 352]],

       [[361, 352]],

       [[361, 352]],

       [[360, 352]]], dtype=int32)]"
7,200.0,2.0,0.0,"[array([[[197, 377]],

       [[198, 378]],

       [[199, 379]],

       [[199, 380]],

       [[200, 381]]], dtype=int32)]"
8,200.0,3.0,0.0,"[array([[[202, 464]],

       [[203, 465]],

       [[203, 466]],

       [[204, 467]],

       [[205, 468]]], dtype=int32)]"
9,300.00000000000006,1.0,0.0,"[array([[[362, 352]],

       [[362, 352]],

       [[361, 352]],

       [[361, 352]],

       [[361, 352]]], dtype=int32)]"
10,300.00000000000006,2.0,0.0,"[array([[[197, 377]],

       [[198, 378]],

       [[198, 379]],

       [[199, 379]],

       [[200, 380]]], dtype=int32)]"
11,300.00000000000006,3.0,0.0,"[array([[[202, 464]],

       [[203, 464]],

       [[203, 465]],

       [[204, 466]],

       [[204, 467]]], dtype=int32)]"
12,400.0,1.0,0.0,"[array([[[362, 352]],

       [[362, 352]],

       [[362, 352]],

       [[361, 352]],

       [[361, 352]]], dtype=int32)]"
13,400.0,2.0,0.0,"[array([[[197, 377]],

       [[198, 378]],

       [[198, 378]],

       [[198, 379]],

       [[199, 379]]], dtype=int32)]"
14,400.0,3.0,0.0,"[array([[[202, 464]],

       [[203, 464]],

       [[203, 465]],

       [[203, 465]],

       [[204, 466]]], dtype=int32)]"
15,500.0,1.0,0.0,"[array([[[362, 352]],

       [[362, 352]],

       [[362, 352]],

       [[362, 352]],

       [[361, 352]]], dtype=int32)]"
16,500.0,2.0,0.0,"[array([[[197, 377]],

       [[198, 378]],

       [[198, 378]],

       [[198, 379]],

       [[198, 379]]], dtype=int32)]"
17,500.0,3.0,0.0,"[array([[[202, 464]],

       [[202, 464]],

       [[203, 465]],

       [[203, 465]],

       [[203, 465]]], dtype=int32)]"
18,600.0000000000001,1.0,0.0,"[array([[[362, 352]],

       [[362, 352]],

       [[362, 352]],

       [[362, 352]],

       [[362, 352]]], dtype=int32)]"
19,600.0000000000001,2.0,0.0,"[array([[[197, 377]],

       [[198, 378]],

       [[198, 378]],

       [[198, 378]],

       [[198, 379]]], dtype=int32)]"
20,600.0000000000001,3.0,0.0,"[array([[[202, 464]],

       [[202, 464]],

       [[203, 464]],

       [[203, 465]],

       [[203, 465]]], dtype=int32)]"
21,700.0000000000001,1.0,0.0,"[array([[[362, 352]],

       [[362, 352]],

       [[362, 352]],

       [[362, 352]],

       [[362, 352]]], dtype=int32)]"
22,700.0000000000001,2.0,0.0,"[array([[[197, 377]],

       [[197, 378]],

       [[198, 378]],

       [[198, 378]],

       [[198, 378]]], dtype=int32)]"
23,700.0000000000001,3.0,0.0,"[array([[[202, 464]],

       [[202, 464]],

       [[202, 464]],

       [[203, 464]],

       [[203, 465]]], dtype=int32)]"
24,800.0,1.0,0.0,"[array([[[362, 352]],

       [[362, 352]],

       [[362, 352]],

       [[362, 352]],

       [[362, 352]]], dtype=int32)]"
25,800.0,2.0,0.0,"[array([[[197, 377]],

       [[197, 378]],

       [[198, 378]],

       [[198, 378]],

       [[198, 378]]], dtype=int32)]"
26,800.0,3.0,0.0,"[array([[[202, 464]],

       [[202, 464]],

       [[202, 464]],

       [[202, 464]],

       [[203, 464]]], dtype=int32)]"
27,900.0,1.0,0.0,"[array([[[362, 352]],

       [[362, 352]],

       [[362, 352]],

       [[362, 352]],

       [[362, 352]]], dtype=int32)]"
28,900.0,2.0,0.0,"[array([[[197, 377]],

       [[197, 378]],

       [[197, 378]],

       [[198, 378]],

       [[198, 378]]], dtype=int32)]"
29,900.0,3.0,0.0,"[array([[[202, 464]],

       [[202, 464]],

       [[202, 464]],

       [[202, 464]],

       [[202, 464]]], dtype=int32)]"
30,1000.0,1.0,0.0,"[array([[[362, 352]],

       [[362, 352]],

       [[362, 352]],

       [[362, 352]],

       [[362, 352]]], dtype=int32)]"
31,1000.0,2.0,0.0,"[array([[[197, 377]],

       [[197, 378]],

       [[197, 378]],

       [[197, 378]],

       [[198, 378]]], dtype=int32)]"
32,1000.0,3.0,0.0,"[array([[[202, 464]],

       [[202, 464]],

       [[202, 464]],

       [[202, 464]],

       [[202, 464]]], dtype=int32)]"
33,1100.0,1.0,0.0,"[array([[[362, 352]],

       [[362, 352]],

       [[362, 352]],

       [[362, 352]],

       [[362, 352]]], dtype=int32)]"
34,1100.0,2.0,0.0,"[array([[[197, 377]],

       [[197, 378]],

       [[197, 378]],

       [[197, 378]],

       [[197, 378]]], dtype=int32)]"
35,1100.0,3.0,0.0,"[array([[[202, 464]],

       [[202, 464]],

       [[202, 464]],

       [[202, 464]],

       [[202, 464]]], dtype=int32)]"
36,1200.0000000000002,1.0,0.0,"[array([[[362, 352]],

       [[362, 352]],

       [[362, 352]],

       [[362, 352]],

       [[362, 352]]], dtype=int32)]"
37,1200.0000000000002,2.0,0.0,"[array([[[197, 377]],

       [[197, 377]],

       [[197, 378]],

       [[197, 378]],

       [[197, 378]]], dtype=int32)]"
38,1200.0000000000002,3.0,0.0,"[array([[[202, 464]],

       [[202, 464]],

       [[202, 464]],

       [[202, 464]],

       [[202, 464]]], dtype=int32)]"
39,1300.0,1.0,0.0,"[array([[[362, 352]],

       [[362, 352]],

       [[362, 352]],

       [[362, 352]],

       [[362, 352]]], dtype=int32)]"
40,1300.0,2.0,0.0,"[array([[[197, 377]],

       [[197, 377]],

       [[197, 378]],

       [[197, 378]],

       [[197, 378]]], dtype=int32)]"
41,1300.0,3.0,0.0,"[array([[[202, 464]],

       [[202, 464]],

       [[202, 464]],

       [[202, 464]],

       [[202, 464]]], dtype=int32)]"
42,1400.0000000000002,1.0,0.0,"[array([[[362, 352]],

       [[362, 352]],

       [[362, 352]],

       [[362, 352]],

       [[362, 352]]], dtype=int32)]"
43,1400.0000000000002,2.0,0.0,"[array([[[197, 377]],

       [[197, 377]],

       [[197, 377]],

       [[197, 378]],

       [[197, 378]]], dtype=int32)]"
44,1400.0000000000002,3.0,0.0,"[array([[[202, 464]],

       [[202, 464]],

       [[202, 464]],

       [[202, 464]],

       [[202, 464]]], dtype=int32)]"
45,1500.0,1.0,0.0,"[array([[[362, 352]],

       [[362, 352]],

       [[362, 352]],

       [[362, 352]],

       [[362, 352]]], dtype=int32)]"
46,1500.0,2.0,0.0,"[array([[[197, 377]],

       [[197, 377]],

       [[197, 377]],

       [[197, 377]],

       [[197, 378]]], dtype=int32)]"
47,1500.0,3.0,0.0,"[array([[[202, 464]],

       [[202, 464]],

       [[202, 464]],

       [[202, 464]],

       [[202, 464]]], dtype=int32)]"
48,1600.0,1.0,0.0,"[array([[[362, 352]],

       [[362, 352]],

       [[362, 352]],

       [[362, 352]],

       [[362, 352]]], dtype=int32)]"
49,1600.0,2.0,0.0,"[array([[[197, 377]],

       [[197, 377]],

       [[197, 377]],

       [[197, 377]],

       [[197, 377]]], dtype=int32)]"
50,1600.0,3.0,0.0,"[array([[[202, 464]],

       [[202, 464]],

       [[202, 464]],

       [[202, 464]],

       [[202, 464]]], dtype=int32)]"
51,1700.0000000000002,1.0,0.0,"[array([[[362, 352]],

       [[362, 352]],

       [[362, 352]],

       [[362, 352]],

       [[362, 352]]], dtype=int32)]"
52,1700.0000000000002,2.0,0.0,"[array([[[197, 377]],

       [[197, 377]],

       [[197, 377]],

       [[197, 377]],

       [[197, 377]]], dtype=int32)]"
53,1700.0000000000002,3.0,0.0,"[array([[[202, 464]],

       [[202, 464]],

       [[202, 464]],

       [[202, 464]],

       [[202, 464]]], dtype=int32)]"
54,1800.0,1.0,0.0,"[array([[[362, 352]],

       [[362, 352]],

       [[362, 352]],

       [[362, 352]],

       [[362, 352]]], dtype=int32)]"
55,1800.0,2.0,0.0,"[array([[[197, 377]],

       [[197, 377]],

       [[197, 377]],

       [[197, 377]],

       [[197, 377]]], dtype=int32)]"
56,1800.0,3.0,0.0,"[array([[[202, 464]],

       [[202, 464]],

       [[202, 464]],

       [[202, 464]],

       [[202, 464]]], dtype=int32)]"
57,1900.0000000000002,1.0,0.0,"[array([[[362, 352]],

       [[362, 352]],

       [[362, 352]],

       [[362, 352]],

       [[362, 352]]], dtype=int32)]"
58,1900.0000000000002,2.0,0.0,"[array([[[197, 377]],

       [[197, 377]],

       [[197, 377]],

       [[197, 377]],

       [[197, 377]]], dtype=int32)]"
59,1900.0000000000002,3.0,0.0,"[array([[[202, 464]],

       [[202, 464]],

       [[202, 464]],

       [[202, 464]],

       [[202, 464]]], dtype=int32)]"
60,2000.0,1.0,0.0,"[array([[[362, 352]],

       [[362, 352]],

       [[362, 352]],

       [[362, 352]],

       [[362, 352]]], dtype=int32)]"
61,2000.0,2.0,0.0,"[array([[[197, 377]],

       [[197, 377]],

       [[197, 377]],

       [[197, 377]],

       [[197, 377]]], dtype=int32)]"
62,2000.0,3.0,0.0,"[array([[[202, 464]],

       [[202, 464]],

       [[202, 464]],

       [[202, 464]],

       [[202, 464]]], dtype=int32)]"
63,2100.0,1.0,0.0,"[array([[[362, 352]],

       [[362, 352]],

       [[362, 352]],

       [[362, 353]],

       [[362, 353]]], dtype=int32)]"
64,2100.0,2.0,0.0,"[array([[[197, 378]],

       [[197, 378]],

       [[197, 378]],

       [[197, 378]],

       [[197, 378]]], dtype=int32)]"
65,2100.0,3.0,0.0,"[array([[[202, 464]],

       [[202, 464]],

       [[202, 464]],

       [[202, 464]],

       [[202, 464]]], dtype=int32)]"
66,2200.0,1.0,0.0,"[array([[[362, 354]],

       [[362, 355]],

       [[362, 356]],

       [[362, 356]],

       [[362, 357]]], dtype=int32)]"
67,2200.0,2.0,0.0,"[array([[[197, 380]],

       [[197, 381]],

       [[197, 382]],

       [[197, 383]],

       [[197, 384]]], dtype=int32)]"
68,2200.0,3.0,0.0,"[array([[[202, 465]],

       [[202, 466]],

       [[202, 467]],

       [[202, 467]],

       [[202, 468]]], dtype=int32)]"
69,2300.0000000000005,1.0,0.0,"[array([[[363, 356]],

       [[363, 358]],

       [[363, 360]],

       [[363, 362]],

       [[363, 364]]], dtype=int32)]"
70,2300.0000000000005,2.0,0.0,"[array([[[197, 381]],

       [[197, 382]],

       [[197, 384]],

       [[197, 385]],

       [[197, 386]]], dtype=int32)]"
71,2300.0000000000005,3.0,0.0,"[array([[[202, 466]],

       [[202, 467]],

       [[202, 468]],

       [[202, 469]],

       [[202, 470]]], dtype=int32)]"
72,2400.0000000000005,1.0,0.0,"[array([[[362, 359]],

       [[362, 363]],

       [[362, 366]],

       [[363, 370]],

       [[363, 373]]], dtype=int32)]"
73,2400.0000000000005,2.0,0.0,"[array([[[197, 384]],

       [[197, 387]],

       [[197, 390]],

       [[197, 393]],

       [[197, 396]]], dtype=int32)]"
74,2400.0000000000005,3.0,0.0,"[array([[[202, 469]],

       [[202, 472]],

       [[202, 475]],

       [[202, 477]],

       [[202, 480]]], dtype=int32)]"
75,2500.0,1.0,0.0,"[array([[[362, 362]],

       [[362, 365]],

       [[362, 369]],

       [[362, 373]],

       [[362, 377]]], dtype=int32)]"
76,2500.0,2.0,0.0,"[array([[[197, 387]],

       [[197, 391]],

       [[197, 395]],

       [[197, 399]],

       [[198, 403]]], dtype=int32)]"
77,2500.0,3.0,0.0,"[array([[[202, 472]],

       [[202, 475]],

       [[202, 478]],

       [[202, 482]],

       [[202, 485]]], dtype=int32)]"
78,2600.0,1.0,0.0,"[array([[[362, 367]],

       [[362, 373]],

       [[362, 378]],

       [[361, 384]],

       [[361, 390]]], dtype=int32)]"
79,2600.0,2.0,0.0,"[array([[[197, 391]],

       [[197, 397]],

       [[197, 402]],

       [[197, 408]],

       [[198, 413]]], dtype=int32)]"
80,2600.0,3.0,0.0,"[array([[[202, 477]],

       [[202, 482]],

       [[202, 487]],

       [[202, 493]],

       [[201, 498]]], dtype=int32)]"
81,2700.0,1.0,0.0,"[array([[[362, 373]],

       [[362, 381]],

       [[361, 389]],

       [[361, 397]],

       [[361, 406]]], dtype=int32)]"
82,2700.0,2.0,0.0,"[array([[[197, 398]],

       [[197, 406]],

       [[197, 414]],

       [[197, 422]],

       [[197, 430]]], dtype=int32)]"
83,2700.0,3.0,0.0,"[array([[[202, 484]],

       [[202, 492]],

       [[202, 500]],

       [[202, 508]],

       [[202, 516]]], dtype=int32)]"
84,2800.0000000000005,1.0,0.0,"[array([[[362, 381]],

       [[362, 392]],

       [[362, 403]],

       [[362, 414]],

       [[361, 425]]], dtype=int32)]"
85,2800.0000000000005,2.0,0.0,"[array([[[197, 407]],

       [[197, 418]],

       [[197, 429]],

       [[197, 440]],

       [[196, 451]]], dtype=int32)]"
86,2800.0000000000005,3.0,0.0,"[array([[[202, 492]],

       [[202, 503]],

       [[202, 514]],

       [[202, 525]],

       [[202, 536]]], dtype=int32)]"
87,2900.0000000000005,1.0,0.0,"[array([[[362, 388]],

       [[362, 400]],

       [[362, 412]],

       [[362, 425]],

       [[362, 437]]], dtype=int32)]"
88,2900.0000000000005,2.0,0.0,"[array([[[197, 413]],

       [[197, 425]],

       [[197, 437]],

       [[197, 450]],

       [[197, 462]]], dtype=int32)]"
89,2900.0000000000005,3.0,0.0,"[array([[[202, 498]],

       [[202, 510]],

       [[203, 522]],

       [[203, 534]],

       [[203, 546]]], dtype=int32)]"
90,3000.0,1.0,0.0,"[array([[[362, 397]],

       [[362, 412]],

       [[362, 427]],

       [[362, 443]],

       [[362, 458]]], dtype=int32)]"
91,3000.0,2.0,0.0,"[array([[[197, 422]],

       [[197, 436]],

       [[197, 451]],

       [[197, 466]],

       [[197, 480]]], dtype=int32)]"
92,3000.0,3.0,0.0,"[array([[[202, 507]],

       [[202, 521]],

       [[203, 536]],

       [[203, 550]],

       [[203, 564]]], dtype=int32)]"
93,3100.0,1.0,0.0,"[array([[[362, 405]],

       [[362, 421]],

       [[362, 436]],

       [[362, 452]],

       [[362, 468]]], dtype=int32)]"
94,3100.0,2.0,0.0,"[array([[[197, 428]],

       [[197, 443]],

       [[197, 458]],

       [[197, 473]],

       [[197, 488]]], dtype=int32)]"
95,3100.0,3.0,0.0,"[array([[[202, 514]],

       [[202, 529]],

       [[202, 544]],

       [[202, 559]],

       [[202, 574]]], dtype=int32)]"
96,3200.0,1.0,0.0,"[array([[[362, 415]],

       [[362, 433]],

       [[362, 451]],

       [[362, 470]],

       [[362, 488]]], dtype=int32)]"
97,3200.0,2.0,0.0,"[array([[[197, 438]],

       [[197, 456]],

       [[197, 473]],

       [[197, 490]],

       [[198, 508]]], dtype=int32)]"
98,3300.0000000000005,1.0,0.0,"[array([[[362, 425]],

       [[362, 445]],

       [[362, 464]],

       [[362, 484]],

       [[362, 504]]], dtype=int32)]"
99,3300.0000000000005,2.0,0.0,"[array([[[197, 449]],

       [[197, 469]],

       [[197, 489]],

       [[197, 509]],

       [[197, 529]]], dtype=int32)]"
100,3400.0000000000005,1.0,0.0,"[array([[[362, 435]],

       [[362, 457]],

       [[362, 478]],

       [[362, 500]],

       [[362, 521]]], dtype=int32)]"
101,3400.0000000000005,2.0,0.0,"[array([[[197, 460]],

       [[197, 482]],

       [[197, 503]],

       [[197, 525]],

       [[197, 546]]], dtype=int32)]"
102,3500.0,1.0,0.0,"[array([[[362, 443]],

       [[362, 464]],

       [[362, 485]],

       [[362, 505]],

       [[362, 526]]], dtype=int32)]"
103,3500.0,2.0,0.0,"[array([[[197, 469]],

       [[197, 490]],

       [[197, 512]],

       [[197, 534]],

       [[197, 555]]], dtype=int32)]"
104,3600.0,1.0,0.0,"[array([[[362, 452]],

       [[362, 474]],

       [[362, 496]],

       [[362, 518]],

       [[362, 540]]], dtype=int32)]"
105,3600.0,2.0,0.0,"[array([[[197, 478]],

       [[197, 500]],

       [[198, 522]],

       [[198, 544]],

       [[198, 567]]], dtype=int32)]"
106,3700.0,1.0,0.0,"[array([[[362, 461]],

       [[362, 483]],

       [[362, 505]],

       [[363, 527]],

       [[363, 549]]], dtype=int32)]"
107,3700.0,2.0,0.0,"[array([[[197, 487]],

       [[197, 509]],

       [[197, 532]],

       [[198, 554]],

       [[198, 577]]], dtype=int32)]"
108,3800.0000000000005,1.0,0.0,"[array([[[362, 467]],

       [[363, 487]],

       [[363, 508]],

       [[363, 528]],

       [[363, 549]]], dtype=int32)]"
109,3800.0000000000005,2.0,0.0,"[array([[[197, 494]],

       [[198, 515]],

       [[198, 536]],

       [[198, 558]],

       [[198, 579]]], dtype=int32)]"
110,3900.0000000000005,1.0,0.0,"[array([[[362, 474]],

       [[362, 493]],

       [[362, 513]],

       [[362, 533]],

       [[362, 553]]], dtype=int32)]"
111,3900.0000000000005,2.0,0.0,"[array([[[198, 500]],

       [[198, 520]],

       [[198, 540]],

       [[199, 560]],

       [[199, 580]]], dtype=int32)]"
112,4000.0,1.0,0.0,"[array([[[362, 478]],

       [[362, 495]],

       [[362, 513]],

       [[362, 531]],

       [[362, 549]]], dtype=int32)]"
113,4000.0,2.0,0.0,"[array([[[198, 504]],

       [[198, 522]],

       [[198, 541]],

       [[198, 559]],

       [[198, 577]]], dtype=int32)]"
114,4100.000000000001,1.0,0.0,"[array([[[362, 483]],

       [[362, 500]],

       [[362, 517]],

       [[362, 534]],

       [[362, 551]]], dtype=int32)]"
115,4200.0,1.0,0.0,"[array([[[362, 486]],

       [[362, 502]],

       [[362, 517]],

       [[362, 532]],

       [[361, 547]]], dtype=int32)]"
116,4300.0,1.0,0.0,"[array([[[362, 491]],

       [[362, 505]],

       [[361, 519]],

       [[361, 534]],

       [[361, 548]]], dtype=int32)]"
117,4400.0,1.0,0.0,"[array([[[362, 494]],

       [[362, 508]],

       [[362, 521]],

       [[361, 534]],

       [[361, 548]]], dtype=int32)]"
118,4500.0,1.0,0.0,"[array([[[362, 497]],

       [[362, 509]],

       [[362, 521]],

       [[362, 534]],

       [[362, 546]]], dtype=int32)]"
119,4600.000000000001,1.0,0.0,"[array([[[362, 500]],

       [[362, 511]],

       [[362, 522]],

       [[362, 533]],

       [[362, 544]]], dtype=int32)]"
120,4700.0,1.0,0.0,"[array([[[362, 503]],

       [[362, 513]],

       [[362, 524]],

       [[362, 534]],

       [[362, 544]]], dtype=int32)]"
121,4800.000000000001,1.0,0.0,"[array([[[362, 505]],

       [[362, 515]],

       [[362, 524]],

       [[362, 533]],

       [[362, 543]]], dtype=int32)]"
122,4900.0,1.0,0.0,"[array([[[362, 508]],

       [[362, 517]],

       [[362, 526]],

       [[362, 535]],

       [[362, 544]]], dtype=int32)]"
123,5000.0,1.0,0.0,"[array([[[362, 510]],

       [[362, 518]],

       [[362, 526]],

       [[362, 534]],

       [[362, 543]]], dtype=int32)]"
124,5100.000000000001,1.0,0.0,"[array([[[362, 513]],

       [[362, 522]],

       [[362, 530]],

       [[362, 538]],

       [[362, 546]]], dtype=int32)]"
125,5200.0,1.0,0.0,"[array([[[362, 516]],

       [[362, 524]],

       [[362, 532]],

       [[362, 540]],

       [[362, 548]]], dtype=int32)]"
126,5300.000000000001,1.0,0.0,"[array([[[362, 520]],

       [[362, 528]],

       [[362, 536]],

       [[362, 545]],

       [[361, 553]]], dtype=int32)]"
127,5400.0,1.0,0.0,"[array([[[362, 524]],

       [[362, 534]],

       [[362, 543]],

       [[362, 552]],

       [[362, 561]]], dtype=int32)]"
128,5500.0,1.0,0.0,"[array([[[362, 530]],

       [[362, 540]],

       [[362, 550]],

       [[362, 560]],

       [[362, 571]]], dtype=int32)]"
129,5600.000000000001,1.0,0.0,"[array([[[362, 534]],

       [[362, 544]],

       [[362, 554]],

       [[362, 564]],

       [[362, 575]]], dtype=int32)]"
130,5700.0,1.0,0.0,"[array([[[362, 537]],

       [[362, 547]],

       [[362, 556]],

       [[362, 566]],

       [[362, 576]]], dtype=int32)]"
131,5800.000000000001,1.0,0.0,"[array([[[362, 541]],

       [[362, 552]],

       [[362, 562]],

       [[362, 572]],

       [[362, 582]]], dtype=int32)]"
132,5900.0,1.0,0.0,"[array([[[362, 545]],

       [[362, 555]],

       [[362, 565]],

       [[362, 575]],

       [[362, 584]]], dtype=int32)]"
133,6000.0,1.0,0.0,"[array([[[362, 549]],

       [[362, 560]],

       [[362, 570]],

       [[362, 580]],

       [[362, 591]]], dtype=int32)]"
134,6100.000000000001,1.0,0.0,"[array([[[362, 555]],

       [[362, 566]],

       [[362, 577]],

       [[362, 588]],

       [[362, 599]]], dtype=int32)]"
135,6200.0,1.0,0.0,"[array([[[362, 560]],

       [[362, 572]],

       [[362, 584]],

       [[362, 596]],

       [[362, 608]]], dtype=int32)]"
136,6300.000000000001,1.0,0.0,"[array([[[362, 565]],

       [[362, 577]],

       [[362, 589]],

       [[362, 600]],

       [[362, 612]]], dtype=int32)]"
137,6400.0,1.0,0.0,"[array([[[362, 569]],

       [[362, 581]],

       [[362, 593]],

       [[362, 604]],

       [[362, 616]]], dtype=int32)]"
138,6500.0,1.0,0.0,"[array([[[362, 573]],

       [[362, 584]],

       [[362, 595]],

       [[362, 606]],

       [[362, 617]]], dtype=int32)]"
139,6600.000000000001,1.0,0.0,"[array([[[362, 577]],

       [[362, 589]],

       [[362, 600]],

       [[362, 611]],

       [[361, 622]]], dtype=int32)]"
140,6700.0,66.0,0.0,"[array([[[362, 577]],

       [[362, 589]],

       [[362, 600]],

       [[362, 611]],

       [[361, 622]]], dtype=int32)]"
141,6700.0,67.0,0.0,"[array([[[186, 351]],

       [[186, 351]],

       [[186, 351]],

       [[186, 351]],

       [[186, 351]]], dtype=int32)]"
142,6800.000000000001,66.0,0.0,"[array([[[186, 362]],

       [[186, 372]],

       [[187, 383]],

       [[187, 394]],

       [[188, 404]]], dtype=int32)]"
143,6800.000000000001,67.0,0.0,"[array([[[192, 484]],

       [[192, 495]],

       [[193, 506]],

       [[193, 517]],

       [[194, 529]]], dtype=int32)]"
144,6900.0,66.0,0.0,"[array([[[186, 367]],

       [[186, 380]],

       [[187, 392]],

       [[187, 405]],

       [[187, 417]]], dtype=int32)]"
145,6900.0,67.0,0.0,"[array([[[192, 489]],

       [[193, 503]],

       [[194, 516]],

       [[195, 530]],

       [[196, 543]]], dtype=int32)]"
146,7000.0,66.0,0.0,"[array([[[186, 371]],

       [[187, 383]],

       [[187, 394]],

       [[187, 406]],

       [[187, 417]]], dtype=int32)]"
147,7100.000000000001,66.0,0.0,"[array([[[186, 376]],

       [[186, 387]],

       [[187, 399]],

       [[187, 410]],

       [[187, 422]]], dtype=int32)]"
148,7200.0,66.0,0.0,"[array([[[186, 381]],

       [[186, 393]],

       [[186, 405]],

       [[187, 418]],

       [[187, 430]]], dtype=int32)]"
149,7300.000000000001,66.0,0.0,"[array([[[186, 387]],

       [[186, 400]],

       [[187, 413]],

       [[187, 426]],

       [[187, 439]]], dtype=int32)]"
150,7400.0,66.0,0.0,"[array([[[186, 391]],

       [[186, 403]],

       [[186, 415]],

       [[186, 427]],

       [[186, 439]]], dtype=int32)]"
151,7500.0,66.0,0.0,"[array([[[186, 395]],

       [[186, 407]],

       [[186, 419]],

       [[186, 431]],

       [[187, 443]]], dtype=int32)]"
152,7600.000000000001,66.0,0.0,"[array([[[186, 401]],

       [[186, 413]],

       [[186, 426]],

       [[186, 439]],

       [[186, 451]]], dtype=int32)]"
153,7700.0,66.0,0.0,"[array([[[186, 406]],

       [[186, 419]],

       [[186, 432]],

       [[186, 445]],

       [[186, 458]]], dtype=int32)]"
154,7800.000000000001,66.0,0.0,"[array([[[186, 410]],

       [[185, 422]],

       [[185, 434]],

       [[185, 446]],

       [[185, 458]]], dtype=int32)]"
155,7900.0,66.0,0.0,"[array([[[186, 414]],

       [[185, 426]],

       [[185, 438]],

       [[185, 450]],

       [[185, 462]]], dtype=int32)]"
156,8000.0,66.0,0.0,"[array([[[186, 418]],

       [[186, 429]],

       [[185, 440]],

       [[185, 451]],

       [[185, 463]]], dtype=int32)]"
157,8100.0,66.0,0.0,"[array([[[186, 424]],

       [[186, 436]],

       [[186, 448]],

       [[186, 461]],

       [[186, 473]]], dtype=int32)]"
158,8200.000000000002,66.0,0.0,"[array([[[186, 429]],

       [[186, 442]],

       [[186, 455]],

       [[186, 468]],

       [[186, 481]]], dtype=int32)]"
159,8300.0,66.0,0.0,"[array([[[186, 432]],

       [[186, 444]],

       [[187, 456]],

       [[187, 468]],

       [[187, 479]]], dtype=int32)]"
160,8400.0,66.0,0.0,"[array([[[186, 437]],

       [[186, 449]],

       [[187, 461]],

       [[187, 473]],

       [[187, 484]]], dtype=int32)]"
161,8500.0,66.0,0.0,"[array([[[186, 442]],

       [[186, 454]],

       [[186, 466]],

       [[186, 479]],

       [[186, 491]]], dtype=int32)]"
162,8600.0,66.0,0.0,"[array([[[186, 446]],

       [[186, 457]],

       [[186, 469]],

       [[187, 481]],

       [[187, 492]]], dtype=int32)]"
163,8700.000000000002,66.0,0.0,"[array([[[186, 449]],

       [[186, 460]],

       [[186, 470]],

       [[186, 481]],

       [[187, 492]]], dtype=int32)]"
164,8800.0,66.0,0.0,"[array([[[186, 451]],

       [[186, 461]],

       [[186, 471]],

       [[186, 481]],

       [[186, 491]]], dtype=int32)]"
165,8900.0,66.0,0.0,"[array([[[186, 456]],

       [[186, 466]],

       [[186, 476]],

       [[186, 487]],

       [[186, 497]]], dtype=int32)]"
166,9000.0,66.0,0.0,"[array([[[186, 461]],

       [[186, 472]],

       [[186, 482]],

       [[186, 493]],

       [[186, 504]]], dtype=int32)]"
167,9100.0,66.0,0.0,"[array([[[186, 465]],

       [[186, 475]],

       [[185, 486]],

       [[185, 496]],

       [[185, 507]]], dtype=int32)]"
168,9200.000000000002,66.0,0.0,"[array([[[186, 467]],

       [[186, 477]],

       [[186, 487]],

       [[187, 497]],

       [[187, 507]]], dtype=int32)]"
169,9300.0,66.0,0.0,"[array([[[186, 472]],

       [[186, 482]],

       [[186, 492]],

       [[186, 502]],

       [[186, 512]]], dtype=int32)]"
170,9400.0,66.0,0.0,"[array([[[186, 477]],

       [[186, 487]],

       [[186, 498]],

       [[186, 509]],

       [[186, 519]]], dtype=int32)]"
171,9500.0,66.0,0.0,"[array([[[186, 482]],

       [[187, 493]],

       [[187, 505]],

       [[187, 516]],

       [[187, 528]]], dtype=int32)]"
172,9600.000000000002,66.0,0.0,"[array([[[186, 486]],

       [[186, 498]],

       [[187, 509]],

       [[187, 521]],

       [[187, 532]]], dtype=int32)]"
173,9700.000000000002,66.0,0.0,"[array([[[186, 492]],

       [[187, 504]],

       [[187, 517]],

       [[187, 529]],

       [[187, 541]]], dtype=int32)]"
174,9800.0,66.0,0.0,"[array([[[186, 498]],

       [[186, 510]],

       [[186, 523]],

       [[186, 535]],

       [[186, 548]]], dtype=int32)]"
175,9900.0,66.0,0.0,"[array([[[186, 502]],

       [[186, 515]],

       [[186, 527]],

       [[186, 540]],

       [[186, 553]]], dtype=int32)]"
176,10000.0,66.0,0.0,"[array([[[186, 506]],

       [[186, 517]],

       [[186, 529]],

       [[186, 541]],

       [[186, 552]]], dtype=int32)]"
177,10100.000000000002,66.0,0.0,"[array([[[186, 508]],

       [[186, 519]],

       [[186, 529]],

       [[185, 540]],

       [[185, 550]]], dtype=int32)]"
178,10300.0,66.0,0.0,"[array([[[186, 517]],

       [[186, 529]],

       [[186, 542]],

       [[186, 555]],

       [[186, 568]]], dtype=int32)]"
179,10500.0,66.0,0.0,"[array([[[186, 525]],

       [[186, 539]],

       [[185, 554]],

       [[185, 568]],

       [[185, 583]]], dtype=int32)]"
180,10600.000000000002,66.0,0.0,"[array([[[186, 532]],

       [[186, 547]],

       [[186, 562]],

       [[185, 577]],

       [[185, 592]]], dtype=int32)]"
181,10700.000000000002,66.0,0.0,"[array([[[186, 538]],

       [[186, 554]],

       [[186, 570]],

       [[186, 586]],

       [[186, 601]]], dtype=int32)]"
182,10800.0,66.0,0.0,"[array([[[186, 543]],

       [[186, 558]],

       [[186, 573]],

       [[186, 588]],

       [[187, 602]]], dtype=int32)]"
183,10900.0,66.0,0.0,"[array([[[186, 548]],

       [[186, 563]],

       [[186, 578]],

       [[186, 592]],

       [[186, 607]]], dtype=int32)]"
184,11000.0,66.0,0.0,"[array([[[186, 553]],

       [[186, 567]],

       [[186, 581]],

       [[186, 595]],

       [[186, 609]]], dtype=int32)]"
185,11200.000000000002,66.0,0.0,"[array([[[186, 560]],

       [[186, 576]],

       [[186, 591]],

       [[186, 606]],

       [[186, 622]]], dtype=int32)]"
186,11400.0,66.0,0.0,"[array([[[186, 567]],

       [[186, 582]],

       [[186, 598]],

       [[186, 614]],

       [[186, 629]]], dtype=int32)]"
187,11600.000000000002,66.0,0.0,"[array([[[186, 571]],

       [[186, 586]],

       [[185, 600]],

       [[185, 615]],

       [[185, 630]]], dtype=int32)]"
188,11800.0,66.0,0.0,"[array([[[186, 576]],

       [[186, 590]],

       [[186, 604]],

       [[186, 618]],

       [[186, 632]]], dtype=int32)]"
189,11900.0,66.0,0.0,"[array([[[186, 578]],

       [[186, 591]],

       [[186, 603]],

       [[186, 616]],

       [[186, 628]]], dtype=int32)]"
190,12000.0,66.0,0.0,"[array([[[185, 580]],

       [[185, 590]],

       [[185, 601]],

       [[185, 612]],

       [[184, 622]]], dtype=int32)]"
191,12100.000000000002,66.0,0.0,"[array([[[185, 580]],

       [[185, 589]],

       [[185, 598]],

       [[185, 606]],

       [[184, 615]]], dtype=int32)]"
192,12200.000000000002,66.0,0.0,"[array([[[185, 580]],

       [[185, 587]],

       [[185, 593]],

       [[184, 600]],

       [[184, 607]]], dtype=int32)]"
193,12300.0,66.0,0.0,"[array([[[186, 579]],

       [[186, 583]],

       [[187, 588]],

       [[187, 593]],

       [[187, 598]]], dtype=int32)]"
194,12400.0,66.0,0.0,"[array([[[187, 578]],

       [[188, 581]],

       [[189, 584]],

       [[189, 587]],

       [[190, 591]]], dtype=int32)]"
195,12500.0,66.0,0.0,"[array([[[188, 576]],

       [[189, 578]],

       [[191, 580]],

       [[192, 581]],

       [[193, 583]]], dtype=int32)]"
196,12600.000000000002,66.0,0.0,"[array([[[189, 575]],

       [[190, 576]],

       [[192, 577]],

       [[193, 578]],

       [[194, 579]]], dtype=int32)]"
197,12700.000000000002,66.0,0.0,"[array([[[190, 574]],

       [[192, 573]],

       [[193, 573]],

       [[195, 572]],

       [[197, 572]]], dtype=int32)]"
198,12800.0,66.0,0.0,"[array([[[191, 572]],

       [[193, 572]],

       [[195, 571]],

       [[197, 570]],

       [[198, 569]]], dtype=int32)]"
199,12900.0,66.0,0.0,"[array([[[192, 572]],

       [[194, 570]],

       [[196, 569]],

       [[198, 568]],

       [[200, 567]]], dtype=int32)]"
200,13000.0,66.0,0.0,"[array([[[193, 571]],

       [[195, 570]],

       [[197, 568]],

       [[199, 567]],

       [[201, 566]]], dtype=int32)]"
201,13100.000000000002,66.0,0.0,"[array([[[194, 570]],

       [[196, 569]],

       [[198, 567]],

       [[200, 566]],

       [[202, 565]]], dtype=int32)]"
202,13200.000000000002,66.0,0.0,"[array([[[194, 570]],

       [[196, 568]],

       [[198, 567]],

       [[200, 566]],

       [[202, 564]]], dtype=int32)]"
203,13700.000000000002,66.0,0.0,"[array([[[196, 572]],

       [[198, 572]],

       [[200, 572]],

       [[202, 572]],

       [[205, 572]]], dtype=int32)]"
204,13800.0,66.0,0.0,"[array([[[196, 574]],

       [[198, 575]],

       [[200, 576]],

       [[202, 577]],

       [[204, 578]]], dtype=int32)]"
205,14000.0,66.0,0.0,"[array([[[196, 576]],

       [[198, 579]],

       [[199, 581]],

       [[201, 583]],

       [[202, 586]]], dtype=int32)]"
206,14100.000000000002,66.0,0.0,"[array([[[196, 578]],

       [[197, 581]],

       [[199, 583]],

       [[200, 586]],

       [[201, 589]]], dtype=int32)]"
207,14200.000000000002,66.0,0.0,"[array([[[195, 580]],

       [[196, 583]],

       [[197, 586]],

       [[197, 589]],

       [[198, 592]]], dtype=int32)]"
208,14800.0,66.0,0.0,"[array([[[195, 583]],

       [[195, 587]],

       [[196, 591]],

       [[196, 595]],

       [[196, 599]]], dtype=int32)]"
209,15000.0,66.0,0.0,"[array([[[196, 584]],

       [[196, 588]],

       [[197, 591]],

       [[197, 595]],

       [[198, 599]]], dtype=int32)]"
210,15100.000000000002,66.0,0.0,"[array([[[196, 584]],

       [[197, 587]],

       [[198, 590]],

       [[198, 593]],

       [[199, 596]]], dtype=int32)]"
211,15200.000000000002,66.0,0.0,"[array([[[197, 583]],

       [[198, 585]],

       [[199, 587]],

       [[200, 590]],

       [[201, 592]]], dtype=int32)]"
212,15300.0,66.0,0.0,"[array([[[198, 582]],

       [[199, 584]],

       [[200, 585]],

       [[201, 586]],

       [[203, 587]]], dtype=int32)]"
213,15400.0,66.0,0.0,"[array([[[198, 583]],

       [[199, 584]],

       [[200, 585]],

       [[201, 586]],

       [[202, 587]]], dtype=int32)]"
214,16900.000000000004,66.0,0.0,"[array([[[201, 587]],

       [[204, 591]],

       [[206, 594]],

       [[209, 598]],

       [[211, 602]]], dtype=int32)]"
215,17000.0,66.0,0.0,"[array([[[202, 589]],

       [[205, 593]],

       [[208, 597]],

       [[211, 601]],

       [[213, 604]]], dtype=int32)]"
216,17600.0,66.0,0.0,"[array([[[206, 594]],

       [[210, 600]],

       [[214, 606]],

       [[218, 611]],

       [[222, 617]]], dtype=int32)]"
217,17800.0,66.0,0.0,"[array([[[206, 598]],

       [[209, 605]],

       [[213, 612]],

       [[216, 620]],

       [[219, 627]]], dtype=int32)]"
218,17900.000000000004,66.0,0.0,"[array([[[206, 599]],

       [[209, 605]],

       [[212, 611]],

       [[215, 616]],

       [[218, 622]]], dtype=int32)]"
219,18000.0,66.0,0.0,"[array([[[207, 599]],

       [[209, 603]],

       [[211, 608]],

       [[214, 612]],

       [[216, 616]]], dtype=int32)]"
220,18100.0,66.0,0.0,"[array([[[207, 597]],

       [[209, 600]],

       [[211, 603]],

       [[212, 606]],

       [[214, 608]]], dtype=int32)]"
221,18200.0,66.0,0.0,"[array([[[207, 596]],

       [[209, 597]],

       [[211, 598]],

       [[212, 599]],

       [[214, 600]]], dtype=int32)]"
222,18300.0,66.0,0.0,"[array([[[208, 595]],

       [[209, 595]],

       [[211, 595]],

       [[213, 595]],

       [[214, 596]]], dtype=int32)]"
223,18400.000000000004,66.0,0.0,"[array([[[209, 593]],

       [[211, 593]],

       [[213, 592]],

       [[215, 591]],

       [[217, 591]]], dtype=int32)]"
224,18500.0,66.0,0.0,"[array([[[210, 591]],

       [[213, 590]],

       [[215, 589]],

       [[218, 587]],

       [[220, 586]]], dtype=int32)]"
225,18600.0,66.0,0.0,"[array([[[212, 589]],

       [[215, 587]],

       [[218, 584]],

       [[221, 582]],

       [[224, 580]]], dtype=int32)]"
226,18700.0,66.0,0.0,"[array([[[215, 588]],

       [[219, 585]],

       [[223, 583]],

       [[227, 580]],

       [[230, 577]]], dtype=int32)]"
227,18900.000000000004,66.0,0.0,"[array([[[217, 592]],

       [[220, 592]],

       [[224, 593]],

       [[228, 593]],

       [[232, 593]]], dtype=int32)]"
228,19000.0,66.0,0.0,"[array([[[217, 596]],

       [[220, 599]],

       [[223, 602]],

       [[226, 605]],

       [[229, 608]]], dtype=int32)]"
229,19100.0,66.0,0.0,"[array([[[217, 599]],

       [[220, 602]],

       [[222, 606]],

       [[225, 609]],

       [[228, 613]]], dtype=int32)]"
230,19200.000000000004,66.0,0.0,"[array([[[218, 601]],

       [[221, 605]],

       [[223, 609]],

       [[226, 613]],

       [[229, 618]]], dtype=int32)]"
231,19300.0,66.0,0.0,"[array([[[217, 604]],

       [[219, 608]],

       [[220, 613]],

       [[222, 618]],

       [[223, 622]]], dtype=int32)]"
232,19400.000000000004,66.0,0.0,"[array([[[218, 605]],

       [[219, 609]],

       [[221, 614]],

       [[223, 618]],

       [[224, 622]]], dtype=int32)]"
233,19500.0,66.0,0.0,"[array([[[218, 605]],

       [[219, 608]],

       [[221, 611]],

       [[222, 615]],

       [[223, 618]]], dtype=int32)]"
234,19600.0,66.0,0.0,"[array([[[218, 604]],

       [[220, 606]],

       [[221, 608]],

       [[222, 610]],

       [[223, 612]]], dtype=int32)]"
235,19700.000000000004,66.0,0.0,"[array([[[219, 604]],

       [[220, 605]],

       [[221, 606]],

       [[222, 606]],

       [[223, 607]]], dtype=int32)]"
236,19800.0,66.0,0.0,"[array([[[219, 601]],

       [[220, 600]],

       [[222, 599]],

       [[223, 599]],

       [[224, 598]]], dtype=int32)]"
237,19900.000000000004,66.0,0.0,"[array([[[220, 600]],

       [[221, 598]],

       [[222, 597]],

       [[223, 595]],

       [[224, 594]]], dtype=int32)]"
238,20000.0,66.0,0.0,"[array([[[221, 599]],

       [[222, 597]],

       [[224, 596]],

       [[226, 594]],

       [[227, 592]]], dtype=int32)]"
239,20100.0,66.0,0.0,"[array([[[223, 599]],

       [[225, 598]],

       [[227, 596]],

       [[230, 595]],

       [[232, 594]]], dtype=int32)]"
240,20200.000000000004,66.0,0.0,"[array([[[224, 600]],

       [[227, 599]],

       [[230, 599]],

       [[233, 598]],

       [[236, 598]]], dtype=int32)]"
241,20300.0,66.0,0.0,"[array([[[222, 602]],

       [[223, 603]],

       [[223, 604]],

       [[223, 605]],

       [[224, 606]]], dtype=int32)]"
242,21000.0,68.0,0.0,"[array([[[222, 602]],

       [[223, 603]],

       [[223, 604]],

       [[223, 605]],

       [[224, 606]]], dtype=int32)]"
243,21100.0,68.0,0.0,"[array([[[104, 599]],

       [[108, 594]],

       [[112, 588]],

       [[115, 582]],

       [[119, 576]]], dtype=int32)]"
244,21200.000000000004,68.0,0.0,"[array([[[105, 595]],

       [[108, 586]],

       [[111, 578]],

       [[114, 569]],

       [[117, 561]]], dtype=int32)]"
245,21500.0,75.0,0.0,"[array([[[105, 595]],

       [[108, 586]],

       [[111, 578]],

       [[114, 569]],

       [[117, 561]]], dtype=int32)]"
246,21600.0,75.0,0.0,"[array([[[217, 600]],

       [[217, 601]],

       [[218, 601]],

       [[219, 601]],

       [[219, 601]]], dtype=int32)]"
247,21700.000000000004,75.0,0.0,"[array([[[218, 600]],

       [[221, 599]],

       [[223, 599]],

       [[226, 598]],

       [[228, 597]]], dtype=int32)]"
248,21800.0,75.0,0.0,"[array([[[220, 599]],

       [[223, 598]],

       [[226, 597]],

       [[229, 596]],

       [[232, 595]]], dtype=int32)]"
249,21900.000000000004,75.0,0.0,"[array([[[220, 599]],

       [[223, 598]],

       [[225, 597]],

       [[228, 595]],

       [[230, 594]]], dtype=int32)]"
250,22000.0,75.0,0.0,"[array([[[220, 601]],

       [[221, 601]],

       [[223, 602]],

       [[225, 602]],

       [[226, 603]]], dtype=int32)]"
251,22500.0,75.0,0.0,"[array([[[221, 600]],

       [[222, 600]],

       [[223, 600]],

       [[224, 599]],

       [[225, 599]]], dtype=int32)]"
252,22600.0,75.0,0.0,"[array([[[222, 599]],

       [[223, 599]],

       [[225, 599]],

       [[226, 598]],

       [[227, 598]]], dtype=int32)]"
253,22700.000000000004,75.0,0.0,"[array([[[223, 598]],

       [[224, 597]],

       [[226, 595]],

       [[227, 594]],

       [[229, 593]]], dtype=int32)]"
254,23000.0,86.0,0.0,"[array([[[223, 598]],

       [[224, 597]],

       [[226, 595]],

       [[227, 594]],

       [[229, 593]]], dtype=int32)]"
255,23100.0,86.0,0.0,"[array([[[134, 370]],

       [[150, 369]],

       [[167, 368]],

       [[184, 368]],

       [[200, 367]]], dtype=int32)]"
256,23200.000000000004,86.0,0.0,"[array([[[137, 369]],

       [[148, 368]],

       [[159, 367]],

       [[171, 366]],

       [[182, 366]]], dtype=int32)]"
257,23300.0,86.0,0.0,"[array([[[138, 371]],

       [[145, 372]],

       [[153, 374]],

       [[161, 375]],

       [[168, 376]]], dtype=int32)]"
258,23400.000000000004,86.0,0.0,"[array([[[139, 375]],

       [[146, 379]],

       [[152, 383]],

       [[158, 387]],

       [[165, 391]]], dtype=int32)]"
259,23500.0,86.0,0.0,"[array([[[146, 373]],

       [[156, 375]],

       [[166, 376]],

       [[175, 378]],

       [[185, 380]]], dtype=int32)]"
260,23600.0,86.0,0.0,"[array([[[160, 368]],

       [[176, 367]],

       [[192, 365]],

       [[208, 363]],

       [[224, 361]]], dtype=int32)]"
261,23700.000000000004,86.0,0.0,"[array([[[172, 365]],

       [[191, 362]],

       [[210, 359]],

       [[229, 356]],

       [[248, 352]]], dtype=int32)]"
262,23800.0,86.0,0.0,"[array([[[186, 361]],

       [[209, 356]],

       [[232, 352]],

       [[255, 347]],

       [[278, 342]]], dtype=int32)]"
263,23900.000000000004,86.0,0.0,"[array([[[200, 359]],

       [[226, 354]],

       [[252, 350]],

       [[277, 345]],

       [[303, 340]]], dtype=int32)]"
264,24000.0,86.0,0.0,"[array([[[214, 358]],

       [[242, 353]],

       [[270, 349]],

       [[298, 344]],

       [[326, 340]]], dtype=int32)]"
265,24100.0,86.0,0.0,"[array([[[223, 359]],

       [[249, 356]],

       [[276, 353]],

       [[303, 350]],

       [[330, 347]]], dtype=int32)]"
266,24200.000000000004,86.0,0.0,"[array([[[226, 360]],

       [[249, 358]],

       [[272, 356]],

       [[295, 355]],

       [[318, 353]]], dtype=int32)]"
267,24300.0,86.0,0.0,"[array([[[227, 364]],

       [[245, 365]],

       [[264, 366]],

       [[283, 367]],

       [[301, 368]]], dtype=int32)]"
268,24400.000000000004,86.0,0.0,"[array([[[227, 368]],

       [[242, 371]],

       [[257, 374]],

       [[272, 377]],

       [[287, 380]]], dtype=int32)]"
269,24500.0,86.0,0.0,"[array([[[227, 371]],

       [[239, 375]],

       [[250, 379]],

       [[262, 383]],

       [[274, 387]]], dtype=int32)]"
270,24600.0,86.0,0.0,"[array([[[227, 375]],

       [[236, 381]],

       [[245, 386]],

       [[254, 392]],

       [[262, 397]]], dtype=int32)]"
271,24700.000000000004,86.0,0.0,"[array([[[226, 382]],

       [[233, 390]],

       [[239, 397]],

       [[246, 405]],

       [[253, 413]]], dtype=int32)]"
272,24800.0,86.0,0.0,"[array([[[226, 388]],

       [[231, 397]],

       [[235, 407]],

       [[240, 417]],

       [[245, 426]]], dtype=int32)]"
273,24900.000000000004,86.0,0.0,"[array([[[225, 394]],

       [[229, 405]],

       [[233, 416]],

       [[236, 427]],

       [[240, 438]]], dtype=int32)]"
274,25000.0,86.0,0.0,"[array([[[225, 398]],

       [[228, 410]],

       [[231, 421]],

       [[234, 432]],

       [[237, 443]]], dtype=int32)]"
275,25100.0,86.0,0.0,"[array([[[225, 406]],

       [[228, 419]],

       [[230, 432]],

       [[232, 445]],

       [[234, 457]]], dtype=int32)]"
276,25200.000000000004,86.0,0.0,"[array([[[225, 413]],

       [[226, 427]],

       [[228, 441]],

       [[229, 455]],

       [[231, 470]]], dtype=int32)]"
277,25300.0,86.0,0.0,"[array([[[225, 418]],

       [[226, 432]],

       [[227, 446]],

       [[228, 459]],

       [[229, 473]]], dtype=int32)]"
278,25400.000000000004,86.0,0.0,"[array([[[225, 426]],

       [[225, 441]],

       [[226, 456]],

       [[227, 471]],

       [[228, 486]]], dtype=int32)]"
279,25500.0,86.0,0.0,"[array([[[225, 434]],

       [[226, 451]],

       [[227, 468]],

       [[227, 484]],

       [[228, 501]]], dtype=int32)]"
280,25600.0,86.0,0.0,"[array([[[225, 442]],

       [[225, 460]],

       [[226, 477]],

       [[227, 495]],

       [[227, 512]]], dtype=int32)]"
281,25700.000000000004,86.0,0.0,"[array([[[225, 451]],

       [[225, 469]],

       [[226, 488]],

       [[227, 506]],

       [[227, 524]]], dtype=int32)]"
282,25800.0,86.0,0.0,"[array([[[225, 461]],

       [[225, 480]],

       [[226, 500]],

       [[226, 520]],

       [[226, 540]]], dtype=int32)]"
283,25900.000000000004,86.0,0.0,"[array([[[225, 467]],

       [[225, 486]],

       [[225, 505]],

       [[226, 524]],

       [[226, 543]]], dtype=int32)]"
284,26000.0,86.0,0.0,"[array([[[225, 473]],

       [[225, 492]],

       [[225, 511]],

       [[226, 529]],

       [[226, 548]]], dtype=int32)]"
285,26100.0,86.0,0.0,"[array([[[225, 482]],

       [[225, 501]],

       [[226, 521]],

       [[226, 540]],

       [[226, 560]]], dtype=int32)]"
286,26200.000000000004,86.0,0.0,"[array([[[225, 490]],

       [[225, 509]],

       [[225, 529]],

       [[226, 548]],

       [[226, 568]]], dtype=int32)]"
287,26300.0,86.0,0.0,"[array([[[225, 499]],

       [[225, 519]],

       [[225, 540]],

       [[226, 560]],

       [[226, 581]]], dtype=int32)]"
288,26400.000000000004,86.0,0.0,"[array([[[225, 507]],

       [[225, 528]],

       [[225, 549]],

       [[225, 570]],

       [[225, 590]]], dtype=int32)]"
289,26500.0,86.0,0.0,"[array([[[225, 517]],

       [[225, 538]],

       [[226, 560]],

       [[226, 581]],

       [[226, 603]]], dtype=int32)]"
290,26600.0,86.0,0.0,"[array([[[225, 523]],

       [[225, 543]],

       [[226, 563]],

       [[226, 584]],

       [[226, 604]]], dtype=int32)]"
291,26700.000000000004,86.0,0.0,"[array([[[225, 530]],

       [[225, 550]],

       [[225, 571]],

       [[225, 591]],

       [[225, 611]]], dtype=int32)]"
292,26800.0,86.0,0.0,"[array([[[225, 538]],

       [[225, 558]],

       [[225, 578]],

       [[225, 597]],

       [[225, 617]]], dtype=int32)]"
293,26900.000000000004,86.0,0.0,"[array([[[225, 546]],

       [[225, 567]],

       [[225, 588]],

       [[225, 608]],

       [[225, 629]]], dtype=int32)]"
294,27000.0,86.0,0.0,"[array([[[225, 552]],

       [[225, 572]],

       [[225, 591]],

       [[225, 611]],

       [[225, 630]]], dtype=int32)]"
295,27100.0,160.0,0.0,"[array([[[225, 552]],

       [[225, 572]],

       [[225, 591]],

       [[225, 611]],

       [[225, 630]]], dtype=int32)]"
296,27100.0,161.0,0.0,"[array([[[221, 467]],

       [[221, 467]],

       [[221, 467]],

       [[221, 467]],

       [[221, 467]]], dtype=int32)]"
297,27200.000000000004,160.0,0.0,"[array([[[221, 483]],

       [[221, 498]],

       [[221, 514]],

       [[221, 529]],

       [[221, 545]]], dtype=int32)]"
298,27200.000000000004,161.0,0.0,"[array([[[221, 363]],

       [[219, 374]],

       [[216, 385]],

       [[214, 397]],

       [[211, 408]]], dtype=int32)]"
299,27300.0,160.0,0.0,"[array([[[222, 492]],

       [[222, 513]],

       [[222, 534]],

       [[222, 554]],

       [[222, 575]]], dtype=int32)]"
300,27300.0,161.0,0.0,"[array([[[222, 374]],

       [[222, 395]],

       [[222, 417]],

       [[222, 439]],

       [[222, 460]]], dtype=int32)]"
301,27400.000000000004,160.0,0.0,"[array([[[221, 498]],

       [[221, 517]],

       [[221, 535]],

       [[221, 554]],

       [[221, 573]]], dtype=int32)]"
302,27400.000000000004,161.0,0.0,"[array([[[222, 380]],

       [[222, 400]],

       [[222, 420]],

       [[223, 440]],

       [[223, 460]]], dtype=int32)]"
303,27500.0,160.0,0.0,"[array([[[221, 505]],

       [[221, 524]],

       [[221, 543]],

       [[221, 561]],

       [[221, 580]]], dtype=int32)]"
304,27500.0,161.0,0.0,"[array([[[222, 388]],

       [[222, 407]],

       [[222, 427]],

       [[222, 446]],

       [[222, 465]]], dtype=int32)]"
305,27600.0,160.0,0.0,"[array([[[221, 514]],

       [[221, 534]],

       [[221, 553]],

       [[221, 573]],

       [[221, 592]]], dtype=int32)]"
306,27600.0,161.0,0.0,"[array([[[222, 395]],

       [[222, 415]],

       [[222, 435]],

       [[222, 454]],

       [[222, 474]]], dtype=int32)]"
307,27700.000000000004,160.0,0.0,"[array([[[221, 522]],

       [[222, 542]],

       [[222, 561]],

       [[222, 581]],

       [[222, 601]]], dtype=int32)]"
308,27700.000000000004,161.0,0.0,"[array([[[222, 404]],

       [[221, 424]],

       [[221, 444]],

       [[221, 464]],

       [[221, 483]]], dtype=int32)]"
309,27800.0,160.0,0.0,"[array([[[222, 531]],

       [[222, 552]],

       [[222, 572]],

       [[222, 593]],

       [[222, 614]]], dtype=int32)]"
310,27800.0,161.0,0.0,"[array([[[222, 414]],

       [[222, 436]],

       [[221, 458]],

       [[221, 479]],

       [[221, 501]]], dtype=int32)]"
311,27900.000000000004,160.0,0.0,"[array([[[222, 537]],

       [[222, 556]],

       [[222, 575]],

       [[222, 595]],

       [[222, 614]]], dtype=int32)]"
312,27900.000000000004,161.0,0.0,"[array([[[221, 420]],

       [[221, 440]],

       [[221, 461]],

       [[221, 481]],

       [[221, 501]]], dtype=int32)]"
313,28000.0,160.0,0.0,"[array([[[222, 541]],

       [[222, 559]],

       [[222, 576]],

       [[223, 594]],

       [[223, 611]]], dtype=int32)]"
314,28000.0,161.0,0.0,"[array([[[221, 426]],

       [[221, 445]],

       [[221, 464]],

       [[221, 483]],

       [[221, 501]]], dtype=int32)]"
315,28100.0,160.0,0.0,"[array([[[222, 549]],

       [[222, 567]],

       [[222, 585]],

       [[222, 603]],

       [[222, 621]]], dtype=int32)]"
316,28100.0,161.0,0.0,"[array([[[221, 432]],

       [[221, 450]],

       [[221, 469]],

       [[221, 487]],

       [[221, 505]]], dtype=int32)]"
317,28200.000000000004,161.0,0.0,"[array([[[221, 440]],

       [[221, 459]],

       [[221, 478]],

       [[221, 497]],

       [[221, 516]]], dtype=int32)]"
318,28300.0,161.0,0.0,"[array([[[222, 449]],

       [[222, 469]],

       [[222, 489]],

       [[222, 509]],

       [[222, 529]]], dtype=int32)]"
319,28400.000000000004,161.0,0.0,"[array([[[222, 454]],

       [[222, 472]],

       [[222, 490]],

       [[222, 508]],

       [[222, 526]]], dtype=int32)]"
320,28500.0,161.0,0.0,"[array([[[222, 462]],

       [[222, 480]],

       [[222, 499]],

       [[222, 518]],

       [[222, 536]]], dtype=int32)]"
321,28600.0,161.0,0.0,"[array([[[222, 470]],

       [[222, 489]],

       [[222, 508]],

       [[222, 528]],

       [[222, 547]]], dtype=int32)]"
322,28700.000000000004,161.0,0.0,"[array([[[222, 475]],

       [[222, 493]],

       [[222, 511]],

       [[222, 529]],

       [[222, 547]]], dtype=int32)]"
323,28800.0,161.0,0.0,"[array([[[222, 482]],

       [[222, 499]],

       [[223, 517]],

       [[223, 535]],

       [[223, 553]]], dtype=int32)]"
324,28900.000000000004,161.0,0.0,"[array([[[222, 491]],

       [[222, 510]],

       [[223, 529]],

       [[223, 549]],

       [[223, 568]]], dtype=int32)]"
325,29000.0,161.0,0.0,"[array([[[222, 500]],

       [[222, 519]],

       [[223, 539]],

       [[223, 559]],

       [[223, 579]]], dtype=int32)]"
326,29100.0,161.0,0.0,"[array([[[222, 505]],

       [[222, 524]],

       [[222, 543]],

       [[223, 562]],

       [[223, 581]]], dtype=int32)]"
327,29200.000000000004,161.0,0.0,"[array([[[222, 513]],

       [[222, 532]],

       [[222, 551]],

       [[222, 570]],

       [[222, 589]]], dtype=int32)]"
328,29300.0,161.0,0.0,"[array([[[222, 522]],

       [[222, 541]],

       [[222, 561]],

       [[222, 581]],

       [[221, 600]]], dtype=int32)]"
329,29400.000000000004,161.0,0.0,"[array([[[222, 530]],

       [[222, 550]],

       [[222, 570]],

       [[222, 590]],

       [[223, 610]]], dtype=int32)]"
330,29500.0,161.0,0.0,"[array([[[222, 538]],

       [[222, 558]],

       [[222, 579]],

       [[222, 599]],

       [[222, 619]]], dtype=int32)]"
331,29600.0,161.0,0.0,"[array([[[222, 544]],

       [[222, 563]],

       [[222, 582]],

       [[222, 601]],

       [[222, 621]]], dtype=int32)]"
332,29700.000000000004,161.0,0.0,"[array([[[222, 551]],

       [[222, 571]],

       [[222, 590]],

       [[222, 609]],

       [[222, 628]]], dtype=int32)]"
333,29800.0,188.0,0.0,"[array([[[222, 551]],

       [[222, 571]],

       [[222, 590]],

       [[222, 609]],

       [[222, 628]]], dtype=int32)]"
334,29900.000000000004,188.0,0.0,"[array([[[222, 511]],

       [[222, 518]],

       [[222, 525]],

       [[222, 532]],

       [[222, 539]]], dtype=int32)]"
335,30000.0,188.0,0.0,"[array([[[222, 519]],

       [[222, 533]],

       [[222, 547]],

       [[223, 562]],

       [[223, 576]]], dtype=int32)]"
336,30100.0,188.0,0.0,"[array([[[222, 527]],

       [[222, 544]],

       [[221, 561]],

       [[221, 578]],

       [[221, 595]]], dtype=int32)]"
337,30200.000000000004,188.0,0.0,"[array([[[222, 533]],

       [[222, 549]],

       [[222, 565]],

       [[221, 581]],

       [[221, 598]]], dtype=int32)]"
338,30300.0,188.0,0.0,"[array([[[222, 539]],

       [[222, 555]],

       [[222, 571]],

       [[222, 587]],

       [[222, 603]]], dtype=int32)]"
339,30400.000000000004,188.0,0.0,"[array([[[222, 544]],

       [[222, 560]],

       [[222, 576]],

       [[222, 592]],

       [[222, 607]]], dtype=int32)]"
340,30500.0,188.0,0.0,"[array([[[222, 549]],

       [[222, 564]],

       [[222, 578]],

       [[222, 593]],

       [[222, 608]]], dtype=int32)]"
341,30600.0,188.0,0.0,"[array([[[222, 552]],

       [[222, 565]],

       [[222, 578]],

       [[222, 592]],

       [[222, 605]]], dtype=int32)]"
342,30700.000000000004,188.0,0.0,"[array([[[222, 553]],

       [[222, 564]],

       [[222, 575]],

       [[222, 586]],

       [[222, 598]]], dtype=int32)]"
343,30800.0,188.0,0.0,"[array([[[222, 553]],

       [[222, 562]],

       [[222, 571]],

       [[222, 580]],

       [[222, 589]]], dtype=int32)]"
344,30900.000000000004,188.0,0.0,"[array([[[222, 553]],

       [[222, 560]],

       [[222, 567]],

       [[222, 574]],

       [[222, 581]]], dtype=int32)]"
345,31000.0,188.0,0.0,"[array([[[222, 553]],

       [[222, 558]],

       [[222, 564]],

       [[222, 569]],

       [[222, 574]]], dtype=int32)]"
346,31100.0,188.0,0.0,"[array([[[222, 553]],

       [[222, 557]],

       [[222, 561]],

       [[222, 565]],

       [[222, 569]]], dtype=int32)]"
347,31200.000000000004,188.0,0.0,"[array([[[222, 553]],

       [[222, 556]],

       [[222, 559]],

       [[222, 562]],

       [[222, 565]]], dtype=int32)]"
348,31300.0,188.0,0.0,"[array([[[222, 553]],

       [[222, 555]],

       [[222, 557]],

       [[222, 560]],

       [[222, 562]]], dtype=int32)]"
349,31400.000000000004,188.0,0.0,"[array([[[222, 552]],

       [[222, 554]],

       [[222, 556]],

       [[222, 558]],

       [[222, 560]]], dtype=int32)]"
350,31500.0,188.0,0.0,"[array([[[222, 552]],

       [[222, 554]],

       [[222, 555]],

       [[222, 557]],

       [[222, 558]]], dtype=int32)]"
351,31600.0,188.0,0.0,"[array([[[222, 552]],

       [[222, 553]],

       [[222, 554]],

       [[222, 555]],

       [[222, 557]]], dtype=int32)]"
352,31700.000000000004,188.0,0.0,"[array([[[222, 552]],

       [[222, 553]],

       [[222, 554]],

       [[222, 555]],

       [[222, 555]]], dtype=int32)]"
353,31800.0,188.0,0.0,"[array([[[222, 552]],

       [[222, 553]],

       [[222, 553]],

       [[222, 554]],

       [[222, 555]]], dtype=int32)]"
